month,avg(CAST(INCIDENT_RESPONSE_SECONDS_QY AS DOUBLE))
07,296.7914163829879
11,297.15950738256316
01,311.39468923256493
09,293.8092994420335
05,295.92329277784603
08,290.9134035937371
03,298.2699118436182
02,319.4963311849281
06,296.93335737812015
10,295.6598165037904
12,297.21654366601337
04,295.1475705890784
