season,avg(CAST(INCIDENT_RESPONSE_SECONDS_QY AS DOUBLE))
Spring,296.45526785735075
Summer,295.1248286317963
Fall,295.5431809581591
Winter,310.4791863577121
